title,icon,created_time,last_edited_time,page_url,Type,Concentration Required
Personality,,2022-01-23T19:44:00.000Z,2022-01-23T19:44:00.000Z,https://www.notion.so/Personality-dc8e9603473b45fcae54df0110a6f4cc,[],[]
Lifting,üèãÔ∏è,2022-01-23T19:44:00.000Z,2022-01-23T19:44:00.000Z,https://www.notion.so/Lifting-d924e881063a4798a54f407eb0914fe8,[],[]
Meetings,,2022-01-23T19:44:00.000Z,2022-01-23T19:44:00.000Z,https://www.notion.so/Meetings-bb7b3fc7e63a40948952f0511b6b7beb,[],[]
Political Correction,üôä,2022-01-23T19:44:00.000Z,2022-01-23T19:44:00.000Z,https://www.notion.so/Political-Correction-98bc98f3e06b4ffa8a1c32d10ebe9a1a,[],[]
Racism,üë®üèø‚Äçüåæ,2022-01-23T19:44:00.000Z,2022-01-23T19:44:00.000Z,https://www.notion.so/Racism-4314c0d79bb848e691f8f138fd258442,[],[]
Germany,,2022-01-23T19:44:00.000Z,2022-01-23T19:44:00.000Z,https://www.notion.so/Germany-94ca0ee0de84436990fb8d54e7ec5879,[],[]
Social Status & Desirability,üíáüèª‚Äç‚ôÄÔ∏è,2022-01-23T19:44:00.000Z,2022-01-23T19:44:00.000Z,https://www.notion.so/Social-Status-Desirability-d05a8ef75dc34384a98bb0ab14afbf99,[],[]
Long-Distance Relationships,üëã,2022-01-23T19:44:00.000Z,2022-01-23T19:44:00.000Z,https://www.notion.so/Long-Distance-Relationships-3c9edae91dcd44f0b70010a453160acb,[],[]
NoCode,üìü,2022-01-23T19:44:00.000Z,2022-01-23T19:44:00.000Z,https://www.notion.so/NoCode-3ba0a2aeb2404230b564242023b990d1,[],[]
Collective Intelligence,üêæ,2022-01-23T19:44:00.000Z,2022-01-23T19:44:00.000Z,https://www.notion.so/Collective-Intelligence-1a7e2dced64a44a68083217b1612f25e,[],[]
Intelligence ,üíÇ,2022-01-23T19:44:00.000Z,2022-01-23T19:44:00.000Z,https://www.notion.so/Intelligence-21bdf03aa69a47b498d4657b6c9c16af,[],[]
Transportation,üöó,2022-01-23T19:44:00.000Z,2022-01-23T19:44:00.000Z,https://www.notion.so/Transportation-785cabb061b94c34afd29a0377572d3a,[],[]
Computation,‚å®,2022-01-23T19:44:00.000Z,2022-01-23T19:44:00.000Z,https://www.notion.so/Computation-2fa80061c95c41ae93f0ce49c51e3df6,[],[]
Future of Work,ü§ñ,2022-01-23T19:44:00.000Z,2022-01-23T19:44:00.000Z,https://www.notion.so/Future-of-Work-61049e498eca48ac82b11d08d45bbea3,[],[]
Mathematics,‚ûó,2022-01-23T19:44:00.000Z,2022-01-23T19:44:00.000Z,https://www.notion.so/Mathematics-377e505f323b4f8eb3872aaf2ce76688,[],[]
Blockchain,,2022-01-23T19:44:00.000Z,2022-01-23T19:44:00.000Z,https://www.notion.so/Blockchain-0dde8fbb9e7f401bae9fb99b7432f241,[],[]
Job Market,‚õëÔ∏è,2022-01-23T19:44:00.000Z,2022-01-23T19:44:00.000Z,https://www.notion.so/Job-Market-1fb8e7f548dd4d72b3b61da5c6484e2e,[],[]
Censorship,ü§´,2022-01-23T19:44:00.000Z,2022-01-23T19:44:00.000Z,https://www.notion.so/Censorship-23052ae1d110408a842be2fd5ced159d,[],[]
Russia,,2022-01-23T19:44:00.000Z,2022-01-23T19:44:00.000Z,https://www.notion.so/Russia-a4bc9cb14a6f4ead874f95f5e17e1b71,[],[]
Illustration ,üë®‚Äçüé®,2022-01-23T19:44:00.000Z,2022-01-23T19:44:00.000Z,https://www.notion.so/Illustration-00b22b953c89497383ef024ab8cfed07,[],[]
Japan,üáØüáµ,2022-01-23T19:44:00.000Z,2022-01-23T19:44:00.000Z,https://www.notion.so/Japan-9dceed74eeb249748415683bea749dc3,[],[]
Biases,üéõ,2022-01-23T19:44:00.000Z,2022-01-23T19:44:00.000Z,https://www.notion.so/Biases-7096b7d0291549a2a4bd97f7bb725923,[],[]
Climate,üåßÔ∏è,2022-01-23T19:44:00.000Z,2022-01-23T19:44:00.000Z,https://www.notion.so/Climate-8c3c431000884da1b61e4677abc89142,[],[]
Nutr,,2022-01-23T19:44:00.000Z,2022-01-23T19:44:00.000Z,https://www.notion.so/Nutr-edfe3daf5ec74a1285417f0ab2ea5e40,[],[]
Patterns,,2022-01-23T19:44:00.000Z,2022-01-23T19:44:00.000Z,https://www.notion.so/Patterns-4cfa24b47e034e6984b26c298281bc89,[],[]
Suicide,üî™,2022-01-23T19:44:00.000Z,2022-01-23T19:44:00.000Z,https://www.notion.so/Suicide-80b92f24cd4346b291bd3e98ac9ed24c,[],[]
React.js,‚öõ,2022-01-23T19:44:00.000Z,2022-01-23T19:44:00.000Z,https://www.notion.so/React-js-ffa5a2b71a7346c2aee3b51b3d61f1f8,[],[]
Breathing,ü´Å,2022-01-23T19:44:00.000Z,2022-01-23T19:44:00.000Z,https://www.notion.so/Breathing-ca852d0af7ee4dbaba987ed3c2747362,[],[]
Capitalism vs Socialism,üáßüá≥,2022-01-23T19:44:00.000Z,2022-01-23T19:44:00.000Z,https://www.notion.so/Capitalism-vs-Socialism-f0becbacbbbe451bb5739f9be924d122,[],[]
Bad Old Days,‚òÑ,2022-01-23T19:44:00.000Z,2022-01-23T19:44:00.000Z,https://www.notion.so/Bad-Old-Days-f789a380fe48476db5460d4e3121a041,[],[]
Globalization,üåé,2022-01-23T19:44:00.000Z,2022-01-23T19:44:00.000Z,https://www.notion.so/Globalization-dc8cd1a6a7e3416a82a4c321cc558903,[],[]
Diversity,‚ô•Ô∏è,2022-01-23T19:44:00.000Z,2022-01-23T19:44:00.000Z,https://www.notion.so/Diversity-0d7f227c7fdd42459d6f1e012caddfe4,[],[]
Personl,,2022-01-23T19:44:00.000Z,2022-01-23T19:44:00.000Z,https://www.notion.so/Personl-cfcba476d5a74065a16f116b0f15902a,[],[]
Machine Learning,üé∞,2022-01-23T19:44:00.000Z,2022-01-23T19:44:00.000Z,https://www.notion.so/Machine-Learning-f6be46278775467fb65140354e21ca99,[],[]
SaaS,‚ôªÔ∏è,2022-01-23T19:44:00.000Z,2022-01-23T19:44:00.000Z,https://www.notion.so/SaaS-61d6b35555ab43bdadd370505040a838,[],[]
Middle Class,üöø,2022-01-23T19:43:00.000Z,2022-01-23T19:43:00.000Z,https://www.notion.so/Middle-Class-41a450e8362e4cbaaa9e382c7b90fb81,[],[]
Nationalism,üè¥Û†ÅßÛ†Å¢Û†Å∑Û†Å¨Û†Å≥Û†Åø,2022-01-23T19:43:00.000Z,2022-01-23T19:43:00.000Z,https://www.notion.so/Nationalism-4292b1aec47541479ac9ba711e94dbfa,[],[]
Negotiation,‚öó,2022-01-23T19:43:00.000Z,2022-01-23T19:43:00.000Z,https://www.notion.so/Negotiation-e24c7293b03b443bb674dd5a723f1476,[],[]
Parenting,üë™,2022-01-23T19:43:00.000Z,2022-01-23T19:43:00.000Z,https://www.notion.so/Parenting-bf429c6df76346e7b36be2030d35d7fa,[],[]
Second Brain,üß†,2022-01-23T19:43:00.000Z,2022-01-23T19:43:00.000Z,https://www.notion.so/Second-Brain-c4684cb26fe247b69e802294dc0cfe20,[],[]
Infidelity,üíî,2022-01-23T19:43:00.000Z,2022-01-23T19:43:00.000Z,https://www.notion.so/Infidelity-e384868fdac44aacb5ed04621a870dd3,[],[]
VC Funding,üí∏,2022-01-23T19:43:00.000Z,2022-01-23T19:43:00.000Z,https://www.notion.so/VC-Funding-fd83b74770bf495cac0809a6b7c8e449,[],[]
Nudges,üêò,2022-01-23T19:43:00.000Z,2022-01-23T19:43:00.000Z,https://www.notion.so/Nudges-dbb525817d064b9cbaee77a359ad5959,[],[]
Identity,üî±,2022-01-23T19:43:00.000Z,2022-01-23T19:43:00.000Z,https://www.notion.so/Identity-681d5f45fa6f4e33a6ba037a97b0f670,[],[]
Old Values,üé©,2022-01-23T19:43:00.000Z,2022-01-23T19:43:00.000Z,https://www.notion.so/Old-Values-efc85bb8de2d4cd9b75a4f82774caf06,[],[]
Framing,üñºÔ∏è,2022-01-23T19:43:00.000Z,2022-01-23T19:43:00.000Z,https://www.notion.so/Framing-268b6657fe0a436b811e7cd68846d18c,[],[]
Scientific Research,,2022-01-23T19:43:00.000Z,2022-01-23T19:43:00.000Z,https://www.notion.so/Scientific-Research-9e9ab72cb48d46e3a60a3120134d20f9,[],[]
Branding,,2022-01-23T19:43:00.000Z,2022-01-23T19:43:00.000Z,https://www.notion.so/Branding-b055659333284585813324890c7e5870,[],[]
Inmunology,ü¶†,2022-01-23T19:43:00.000Z,2022-01-23T19:43:00.000Z,https://www.notion.so/Inmunology-74b26687fb2c4037adc3ed79601e5d6f,[],[]
Team Communication,üì¨,2022-01-23T19:43:00.000Z,2022-01-23T19:43:00.000Z,https://www.notion.so/Team-Communication-96b38732b87c4f82b88aa560611f81af,[],[]
Long-term relationships,‚õìÔ∏è,2022-01-23T19:43:00.000Z,2022-01-23T19:43:00.000Z,https://www.notion.so/Long-term-relationships-ff817777c8244f16b81cb0e43c7f97cb,[],[]
Longevity,üß¨,2022-01-23T19:43:00.000Z,2022-01-23T19:43:00.000Z,https://www.notion.so/Longevity-dd89255c2b554ea9b019c155d9613d6c,[],[]
Acting,üé≠,2022-01-23T19:43:00.000Z,2022-01-23T19:43:00.000Z,https://www.notion.so/Acting-a39d2d900e3040a08fd398ce4630db57,[],[]
Dimensionality Reduction ,,2022-01-23T19:43:00.000Z,2022-01-23T19:43:00.000Z,https://www.notion.so/Dimensionality-Reduction-e0d7db70250740c38d11310c598ce22d,[],[]
Painting,üë®‚Äçüé®,2022-01-23T19:43:00.000Z,2022-01-23T19:43:00.000Z,https://www.notion.so/Painting-8fa93dab71054c6c921968b6e6685362,[],[]
Death,‚ö∞Ô∏è,2022-01-23T19:43:00.000Z,2022-01-23T19:43:00.000Z,https://www.notion.so/Death-aa05a3a4b08845d9ad87ad07480d7515,[],[]
Cancer,‚ôã,2022-01-23T19:43:00.000Z,2022-01-23T19:43:00.000Z,https://www.notion.so/Cancer-c145763bd410433b8480de5077f2b56f,[],[]
Remote Work,,2022-01-23T19:43:00.000Z,2022-01-23T19:43:00.000Z,https://www.notion.so/Remote-Work-5087dfd8604c4b56a652c783947b5864,[],[]
Rationality,üß†,2022-01-23T19:43:00.000Z,2022-01-23T19:43:00.000Z,https://www.notion.so/Rationality-7e3ea41a627e4761bf70d76c96b8ad60,[],[]
Generative Art,üñºÔ∏è,2022-01-23T19:43:00.000Z,2022-01-23T19:43:00.000Z,https://www.notion.so/Generative-Art-ebefa0d716e24692967d77e3b4935a03,[],[]
Infertility,ü•ö,2022-01-23T19:43:00.000Z,2022-01-23T19:43:00.000Z,https://www.notion.so/Infertility-e0d9a5eb9ffd495e850d0b4c4675c821,[],[]
Influence,,2022-01-23T19:43:00.000Z,2022-01-23T19:43:00.000Z,https://www.notion.so/Influence-0f37f54b51bd485cb947177bf16d6464,[],[]
Happiness,üòä,2022-01-23T19:43:00.000Z,2022-01-23T19:43:00.000Z,https://www.notion.so/Happiness-411cc5aca9bc4dceb433cc16311f7103,[],[]
Dating,ü•Ç,2022-01-23T19:43:00.000Z,2022-01-23T19:43:00.000Z,https://www.notion.so/Dating-e6c9dbe67f7e42bc894ae848c15881ba,[],[]
Perception,üëì,2022-01-23T19:43:00.000Z,2022-01-23T19:43:00.000Z,https://www.notion.so/Perception-8a228824f51844deb4f0800fbd9cb217,[],[]
Data Processing,,2022-01-23T19:43:00.000Z,2022-01-23T19:43:00.000Z,https://www.notion.so/Data-Processing-64f5717b950b4be293d05028c3a53d5a,[],[]
Law & Justice,,2022-01-23T19:43:00.000Z,2022-01-23T19:43:00.000Z,https://www.notion.so/Law-Justice-6ed3bd9da9d64cbab8af87545b2b00cc,[],[]
Fasting,üçñ,2022-01-23T19:43:00.000Z,2022-01-23T19:43:00.000Z,https://www.notion.so/Fasting-212249b6ca7b437eb887e846bb31d9c7,[],[]
Slogans & Copies,,2022-01-23T19:43:00.000Z,2022-01-23T19:43:00.000Z,https://www.notion.so/Slogans-Copies-56ac26b2c405425890658cd51fc8f392,[],[]
Italy,üáÆüáπ,2022-01-23T19:43:00.000Z,2022-01-23T19:43:00.000Z,https://www.notion.so/Italy-45b262571a1947edbb884da53550e7b9,[],[]
Career Planning,üóìÔ∏è,2022-01-23T19:43:00.000Z,2022-01-23T19:43:00.000Z,https://www.notion.so/Career-Planning-f642267726ea4ac29ac4f85a0a759264,[],[]
Charts Annotation,üìâ,2022-01-23T19:43:00.000Z,2022-01-23T19:43:00.000Z,https://www.notion.so/Charts-Annotation-234dec11319146bd9f78d731b3cfcf82,[],[]
Infrastructures,üöÇ,2022-01-23T19:43:00.000Z,2022-01-23T19:43:00.000Z,https://www.notion.so/Infrastructures-46f7b66868644799b1e2cd93a9aa611e,[],[]
How to Spend your Time,‚è≤Ô∏è,2022-01-23T19:43:00.000Z,2022-01-23T19:43:00.000Z,https://www.notion.so/How-to-Spend-your-Time-68136e08d82141e3aa5f8f60a69e9bdd,[],[]
Product Lead Growth - PLG ,,2022-01-23T19:43:00.000Z,2022-01-23T19:43:00.000Z,https://www.notion.so/Product-Lead-Growth-PLG-121218522ac14ab985a821738ac1f37d,[],[]
Polling,‚ùî,2022-01-23T19:43:00.000Z,2022-01-23T19:43:00.000Z,https://www.notion.so/Polling-cd4b468cc48b4dae94b0696e9c780b5e,[],[]
Python,üêç,2022-01-23T19:43:00.000Z,2022-01-23T19:43:00.000Z,https://www.notion.so/Python-1bfc11fc6ada4a3fbf7a9a4037f2136f,[],[]
Change Opinion,,2022-01-23T19:43:00.000Z,2022-01-23T19:43:00.000Z,https://www.notion.so/Change-Opinion-41fd8c4ae7b3462981a82857a341f206,[],[]
Spain,üá™üá∏,2022-01-23T19:43:00.000Z,2022-01-23T19:43:00.000Z,https://www.notion.so/Spain-c86eab5ca57943299cec8339d95db885,[],[]
Color Grading,,2022-01-23T19:43:00.000Z,2022-01-23T19:43:00.000Z,https://www.notion.so/Color-Grading-3b8440bc20b14fed8ed0c0eec1fe0ee0,[],[]
Complex Systems,,2022-01-23T19:43:00.000Z,2022-01-23T19:43:00.000Z,https://www.notion.so/Complex-Systems-6978929ab3ce4d2b8dc0fbca147b9569,[],[]
Work-Life Balance,üë®‚Äçüë¶,2022-01-23T19:43:00.000Z,2022-01-23T19:43:00.000Z,https://www.notion.so/Work-Life-Balance-dba552cff42e4c898b83ff2041d60fe3,[],[]
Hardware,,2022-01-23T19:43:00.000Z,2022-01-23T19:43:00.000Z,https://www.notion.so/Hardware-dfad66cbd9804df69034b3952c439fa9,[],[]
Modern Data Stack,üÜï,2022-01-23T19:43:00.000Z,2022-01-23T19:43:00.000Z,https://www.notion.so/Modern-Data-Stack-07e7bddecfb4486ebed5e3db66b7c7e5,[],[]
Kings ,üëë,2022-01-23T19:43:00.000Z,2022-01-23T19:43:00.000Z,https://www.notion.so/Kings-88fb85d8d88e461ca63e13e7fe4717bf,[],[]
UI,üç±,2022-01-23T19:43:00.000Z,2022-01-23T19:43:00.000Z,https://www.notion.so/UI-64fa1e30d379413388559c26206de3ae,[],[]
UX,üé≠,2022-01-23T19:43:00.000Z,2022-01-23T19:43:00.000Z,https://www.notion.so/UX-e778c9910eed433b92b8ae40520d03f7,[],[]
Pain,üí•,2022-01-23T19:43:00.000Z,2022-01-23T19:43:00.000Z,https://www.notion.so/Pain-53bc842e66de43a3a8475b43efe4ea58,[],[]
Network Science,üï∏,2022-01-23T19:43:00.000Z,2022-01-23T19:43:00.000Z,https://www.notion.so/Network-Science-148b2ea7454f48ceab01d5322563789c,[],[]
Generational Battles,,2022-01-23T19:43:00.000Z,2022-01-23T19:43:00.000Z,https://www.notion.so/Generational-Battles-2d8a5781f35f4b83b20e86b6bd7c0ffb,[],[]
ADHD,,2022-01-23T19:43:00.000Z,2022-01-23T19:43:00.000Z,https://www.notion.so/ADHD-d2322a378a4a49f1a02eac53279b6328,[],[]
Hacking Democracy,üëø,2022-01-23T19:43:00.000Z,2022-01-23T19:43:00.000Z,https://www.notion.so/Hacking-Democracy-3e8cc82adb2243869a0fceeb5cf7aeb6,[],[]
Communities,üèüÔ∏è,2022-01-23T19:43:00.000Z,2022-01-23T19:43:00.000Z,https://www.notion.so/Communities-385c6a9f0932448d8851c6e0ca3b7fea,[],[]
NLP Natural Language Processing,üìÉ,2022-01-23T19:43:00.000Z,2022-01-23T19:43:00.000Z,https://www.notion.so/NLP-Natural-Language-Processing-42a1c49f03594d44a79ad6ef6312de0e,[],[]
Education System,,2022-01-23T19:43:00.000Z,2022-01-23T19:43:00.000Z,https://www.notion.so/Education-System-ced556df466e4db8af8e0acf642e7f41,[],[]
Creativity,,2022-01-23T19:43:00.000Z,2022-01-23T19:43:00.000Z,https://www.notion.so/Creativity-497ec8de14324cd1a496099586472303,[],[]
Taxes,‚ûó,2022-01-23T19:43:00.000Z,2022-01-23T19:43:00.000Z,https://www.notion.so/Taxes-5596c28490014fe7b9e6eee7f6654c6d,[],[]
Leadership,üëë,2022-01-23T19:43:00.000Z,2022-01-23T19:43:00.000Z,https://www.notion.so/Leadership-b5c22bb7d70c4641b79ac0d7dcf78e43,[],[]
Recipes,üç≥,2022-01-23T19:43:00.000Z,2022-01-23T19:43:00.000Z,https://www.notion.so/Recipes-9b36ef8230c94d70a588a30b435815dd,[],[]
Early Adopters,,2022-01-23T19:43:00.000Z,2022-01-23T19:43:00.000Z,https://www.notion.so/Early-Adopters-e985d6eed0f44707973e128c81b76398,[],[]
Employment,,2022-01-23T19:43:00.000Z,2022-01-23T19:43:00.000Z,https://www.notion.so/Employment-c74935c66e8442788601ce343ffceaf9,[],[]
Note Taking,üóí,2022-01-23T19:43:00.000Z,2022-01-23T19:43:00.000Z,https://www.notion.so/Note-Taking-289f67ccfcf843ba827c2143ea2482d8,[],[]
Data Visualization,üìâ,2022-01-23T19:43:00.000Z,2022-01-23T19:43:00.000Z,https://www.notion.so/Data-Visualization-f9d5b16a6aed4ed78b51613dea035178,[],[]
Sex,üíã,2022-01-23T19:43:00.000Z,2022-01-23T19:43:00.000Z,https://www.notion.so/Sex-3b10d42325c64a1eb96aab77b771d2f2,[],[]
Microbiota,üß´,2022-01-23T19:43:00.000Z,2022-01-23T19:43:00.000Z,https://www.notion.so/Microbiota-ca5d42f5661348dea511a6f9dbed7f58,[],[]
Screenwriting,üéû,2022-01-23T19:43:00.000Z,2022-01-23T19:43:00.000Z,https://www.notion.so/Screenwriting-bb74530a84c64aff935b750427f1c82d,[],[]
Luck,ü§û,2022-01-23T19:43:00.000Z,2022-01-23T19:43:00.000Z,https://www.notion.so/Luck-d287bdaca9444a47b8aee0debd21ffd0,[],[]
Serendipity,üé™,2022-01-23T19:43:00.000Z,2022-01-23T19:43:00.000Z,https://www.notion.so/Serendipity-54f9c0473dd84fd4a280501863fcc29d,[],[]
Corruption,,2022-01-23T19:43:00.000Z,2022-01-23T19:43:00.000Z,https://www.notion.so/Corruption-9309329c52e54637b41d5f9f03425859,[],[]
Data Scraping,,2022-01-23T19:43:00.000Z,2022-01-23T19:43:00.000Z,https://www.notion.so/Data-Scraping-964668a54229458dbd899ddc4dd0dc51,[],[]
Sales,,2022-01-23T19:43:00.000Z,2022-01-23T19:43:00.000Z,https://www.notion.so/Sales-4ae6d5dc5427454c96ee99eed1a084ec,[],[]
Business Intelligence,,2022-01-23T19:43:00.000Z,2022-01-23T19:43:00.000Z,https://www.notion.so/Business-Intelligence-2d0bfa31a783474a8db825e6a1d4802d,[],[]
Football,‚öΩ,2022-01-23T19:43:00.000Z,2022-01-23T19:43:00.000Z,https://www.notion.so/Football-65039f7d418a4c9a84c73f0fd023eb68,[],[]
Teaching,üë®‚Äçüè´,2022-01-23T19:43:00.000Z,2022-01-23T19:43:00.000Z,https://www.notion.so/Teaching-3066ecfb0e2e416694e6aee2f06f9291,[],[]
Exercise,üèÉüèª,2022-01-23T19:43:00.000Z,2022-01-23T19:43:00.000Z,https://www.notion.so/Exercise-980d995eece84906a37f775547d25a87,[],[]
Macro Economics,,2022-01-23T19:43:00.000Z,2022-01-23T19:43:00.000Z,https://www.notion.so/Macro-Economics-0c1e3812d2e740359d0169113a6eadfe,[],[]
Scalability ,üéö,2022-01-23T19:43:00.000Z,2022-01-23T19:43:00.000Z,https://www.notion.so/Scalability-c37e9095b9c445ada8a164cc3795f1ec,[],[]
Deep Learning,‚úñÔ∏è,2022-01-23T19:43:00.000Z,2022-01-23T19:43:00.000Z,https://www.notion.so/Deep-Learning-6fb58a3504e94e428f27af5e535d35df,[],[]
Maps,üó∫Ô∏è,2022-01-23T19:43:00.000Z,2022-01-23T19:43:00.000Z,https://www.notion.so/Maps-99f88aedd951410d944fe16b13db742c,[],[]
Good Future Days - Utopia,‚òÄÔ∏è,2022-01-23T19:43:00.000Z,2022-01-23T19:43:00.000Z,https://www.notion.so/Good-Future-Days-Utopia-89d275b61f744a7e873b520fc1c68e54,[],[]
Marriage,üíç,2022-01-23T19:43:00.000Z,2022-01-23T19:43:00.000Z,https://www.notion.so/Marriage-7d5304d3332a4482941f8c5cb33e43de,[],[]
Forecasting ,üîÆ,2022-01-23T19:43:00.000Z,2022-01-23T19:43:00.000Z,https://www.notion.so/Forecasting-b4b31a27451c4c78842d78cc5cec98c5,[],[]
Stress,,2022-01-23T19:43:00.000Z,2022-01-23T19:43:00.000Z,https://www.notion.so/Stress-40ce8dcd06c042c2be6be704111410ff,[],[]
Sentimental Breakup,üíî,2022-01-23T19:43:00.000Z,2022-01-23T19:43:00.000Z,https://www.notion.so/Sentimental-Breakup-26bda8fdea074ac883bd2579e39d4e2a,[],[]
Bad Future Days - Dystopia,üî•,2022-01-23T19:43:00.000Z,2022-01-23T19:43:00.000Z,https://www.notion.so/Bad-Future-Days-Dystopia-5c85e2aebd094be782591a9b18ba24a7,[],[]
Policy Making,üõ£Ô∏è,2022-01-23T19:43:00.000Z,2022-01-23T19:43:00.000Z,https://www.notion.so/Policy-Making-5e0f6941b98e4115ae76493893bbc121,[],[]
Human Empathy,ü§ó,2022-01-23T19:43:00.000Z,2022-01-23T19:43:00.000Z,https://www.notion.so/Human-Empathy-12eb16af9f2b47faaeac9eb2f7736577,[],[]
SQL,,2022-01-23T19:43:00.000Z,2022-01-23T19:43:00.000Z,https://www.notion.so/SQL-766325471695414f90d01c2e6b0dcfb9,[],[]
Muscle Building,üí™,2022-01-23T19:43:00.000Z,2022-01-23T19:43:00.000Z,https://www.notion.so/Muscle-Building-d64aa7dc1b134c88b9fc9027af266cf4,[],[]
M√©xico,üá≤üáΩ,2022-01-23T19:43:00.000Z,2022-01-23T19:43:00.000Z,https://www.notion.so/M-xico-ed4bea46bbd94f6aa2b686ad49ff44e7,[],[]
Physics,‚öõ,2022-01-23T19:43:00.000Z,2022-01-23T19:43:00.000Z,https://www.notion.so/Physics-9f7b9605870f4b52a4c545ce8d43e37a,[],[]
Hiring,üé£,2022-01-23T19:43:00.000Z,2022-01-23T19:43:00.000Z,https://www.notion.so/Hiring-fc36647e3933432ea3ccf736bb45dc47,[],[]
Javascript,,2022-01-23T19:43:00.000Z,2022-01-23T19:43:00.000Z,https://www.notion.so/Javascript-18c59dbb981b4e8bb8e7f2486a4519bf,[],[]
China,üá®üá≥,2022-01-23T19:43:00.000Z,2022-01-23T19:43:00.000Z,https://www.notion.so/China-8d56375f8a0f453bbabd7080f0885f24,[],[]
Reading Techniques,üìö,2022-01-23T19:43:00.000Z,2022-01-23T19:43:00.000Z,https://www.notion.so/Reading-Techniques-37f90d2ff2b24b81b6bd93c80ea1f883,[],[]
Variable Selection,üìè,2022-01-23T19:43:00.000Z,2022-01-23T19:43:00.000Z,https://www.notion.so/Variable-Selection-69f93ba4694f4d9aa1d7764ef15ae22c,[],[]
Inequality,üíÖ,2022-01-23T19:43:00.000Z,2022-01-23T19:43:00.000Z,https://www.notion.so/Inequality-95d2b1440ed341d79f7c05fe806ada1c,[],[]
Content Distribution,üóû,2022-01-23T19:43:00.000Z,2022-01-23T19:43:00.000Z,https://www.notion.so/Content-Distribution-543e17f216114a96a46d7dec1e4834c3,[],[]
Role Models,üóΩ,2022-01-23T19:42:00.000Z,2022-01-23T19:42:00.000Z,https://www.notion.so/Role-Models-ec19d9e9a4db40ccbc8fb934fa61eaaf,[],[]
Good Old Days,üé©,2022-01-23T19:42:00.000Z,2022-01-23T19:42:00.000Z,https://www.notion.so/Good-Old-Days-19d85f0210c0459388d33a71a2c85294,[],[]
Narrative Economics,üí∑,2022-01-23T19:42:00.000Z,2022-01-23T19:42:00.000Z,https://www.notion.so/Narrative-Economics-e9288a3cd61c40758bdd49655975b2af,[],[]
Robots,ü§ñ,2022-01-23T19:42:00.000Z,2022-01-23T19:42:00.000Z,https://www.notion.so/Robots-e82ace4090364f00a2fa9954b27ab6e3,[],[]
What If Models,ü§∑,2022-01-23T19:42:00.000Z,2022-01-23T19:42:00.000Z,https://www.notion.so/What-If-Models-6b2a783b5c064ec5965f090f2f267279,[],[]
Privacy,üîê,2022-01-23T19:42:00.000Z,2022-01-23T19:42:00.000Z,https://www.notion.so/Privacy-3bd66fbdadc545d6994687e8e3e045c9,[],[]
Index Funds,üß∫,2022-01-23T19:42:00.000Z,2022-01-23T19:42:00.000Z,https://www.notion.so/Index-Funds-f275386530284b9085f48f16156d9fb6,[],[]
MVP,,2022-01-23T19:42:00.000Z,2022-01-23T19:42:00.000Z,https://www.notion.so/MVP-93bc5f9cc5bb4192b9faff35b802f225,[],[]
Quantified Self,üìè,2022-01-23T19:42:00.000Z,2022-01-23T19:42:00.000Z,https://www.notion.so/Quantified-Self-c6c042a6e3544813913c5f5bef46a457,[],[]
Lighting,üî¶,2022-01-23T19:42:00.000Z,2022-01-23T19:42:00.000Z,https://www.notion.so/Lighting-69bf6452cfb94fd69fd6adf43fdf564b,[],[]
Business Models,„ÄΩÔ∏è,2022-01-23T19:42:00.000Z,2022-01-23T19:42:00.000Z,https://www.notion.so/Business-Models-a93462384cdf4554ad095fd943fb491d,[],[]
Nutrition,üçó,2022-01-23T19:42:00.000Z,2022-01-23T19:42:00.000Z,https://www.notion.so/Nutrition-84c462f619124b8698951f6304f03e25,[],[]
Explainable AI,üßê,2022-01-23T19:42:00.000Z,2022-01-23T19:42:00.000Z,https://www.notion.so/Explainable-AI-9fc2d049c4d24e8b96ab59a96cdb6d15,[],[]
Gender Differences,üöª,2022-01-23T19:42:00.000Z,2022-01-23T19:42:00.000Z,https://www.notion.so/Gender-Differences-29e55ef299f3473dad3aa74367854a35,[],[]
Trust,ü§®,2022-01-23T19:42:00.000Z,2022-01-23T19:42:00.000Z,https://www.notion.so/Trust-cc9468cdedaf4f7b941c35eedab12987,[],[]
Laughs,ü§£,2022-01-23T19:42:00.000Z,2022-01-23T19:42:00.000Z,https://www.notion.so/Laughs-7e54567d665842e893f8f8beb7ddde2f,[],[]
Philosophy,üá¨üá∑,2022-01-23T19:42:00.000Z,2022-01-23T19:42:00.000Z,https://www.notion.so/Philosophy-c0a6dd3570bd43a287e174235067a1d3,[],[]
Polarization,üß≠,2022-01-23T19:42:00.000Z,2022-01-23T19:42:00.000Z,https://www.notion.so/Polarization-127e0634a14243fa90c63e44f6fecace,[],[]
Europe,üá™üá∫,2022-01-23T19:42:00.000Z,2022-01-23T19:42:00.000Z,https://www.notion.so/Europe-36d460a550f847b598b9e4940097bda7,[],[]
Pricing,üí≤,2022-01-23T19:42:00.000Z,2022-01-23T19:42:00.000Z,https://www.notion.so/Pricing-7728cebabf03487589cbfe221acd8bb0,[],[]
Vision,üëì,2022-01-23T19:42:00.000Z,2022-01-23T19:42:00.000Z,https://www.notion.so/Vision-86d9375bffb14936b2cf05851695ff7f,[],[]
Product Recommendation,,2022-01-23T19:42:00.000Z,2022-01-23T19:42:00.000Z,https://www.notion.so/Product-Recommendation-964730d0b9c24d86849a4be987f2b3fe,[],[]
Habit Forming,,2022-01-23T19:42:00.000Z,2022-01-23T19:42:00.000Z,https://www.notion.so/Habit-Forming-e1b4f76ac31e4ed181cfd0270295eda9,[],[]
Kindness,,2022-01-23T19:42:00.000Z,2022-01-23T19:42:00.000Z,https://www.notion.so/Kindness-cd95c414667b4984995220cc5ff0c5a1,[],[]
Bubbles,üßº,2022-01-23T19:42:00.000Z,2022-01-23T19:42:00.000Z,https://www.notion.so/Bubbles-8afef2addb1a4a6194fe6f3e3fddb039,[],[]
Storytelling,üìú,2022-01-23T19:42:00.000Z,2022-01-23T19:42:00.000Z,https://www.notion.so/Storytelling-e99aa27f774f4824ba8414b9deeeb01e,[],[]
Causal Inference,üé±,2022-01-23T19:42:00.000Z,2022-01-23T19:42:00.000Z,https://www.notion.so/Causal-Inference-0beb1c88718c415fb15d141278b8ecf8,[],[]
Flow State,üåä,2022-01-23T19:42:00.000Z,2022-01-23T19:42:00.000Z,https://www.notion.so/Flow-State-031d1b2aa3eb40c3b5526fd3101a80f9,[],[]
Transformers,,2022-01-23T19:42:00.000Z,2022-01-23T19:42:00.000Z,https://www.notion.so/Transformers-ed4530f8366f4315a292a68601e9dda1,[],[]
Fake News,üóûÔ∏è,2022-01-23T19:42:00.000Z,2022-01-23T19:42:00.000Z,https://www.notion.so/Fake-News-d36422c958a64f6c9224b91e09771434,[],[]
Procrastination,üòì,2022-01-23T19:42:00.000Z,2022-01-23T19:42:00.000Z,https://www.notion.so/Procrastination-f6fd0dd2da7b48b391c780d7b0963c31,[],[]
Film Editing,üìΩ,2022-01-23T19:42:00.000Z,2022-01-23T19:42:00.000Z,https://www.notion.so/Film-Editing-95335fadf8224b86a55c275cbf5a7d41,[],[]
Inflaction,,2022-01-23T19:42:00.000Z,2022-01-23T19:42:00.000Z,https://www.notion.so/Inflaction-7167cfed5b1048fda81572259cb44386,[],[]
Housing,üè°,2022-01-23T19:42:00.000Z,2022-01-23T19:42:00.000Z,https://www.notion.so/Housing-24ea23969ff04dd69207951d9866d766,[],[]
Feminism,üíÉ,2022-01-23T19:42:00.000Z,2022-01-23T19:42:00.000Z,https://www.notion.so/Feminism-65181364acb54fafa10b3f3b471cc4fa,[],[]
Inmigration,ü•†,2022-01-23T19:42:00.000Z,2022-01-23T19:42:00.000Z,https://www.notion.so/Inmigration-8f3e9bab61654543a59d8f5895802509,[],[]
COVID-19,,2022-01-23T19:42:00.000Z,2022-01-23T19:42:00.000Z,https://www.notion.so/COVID-19-ab55280631174a39b252ddb5bd9247f9,[],[]
Meditation,üåû,2022-01-23T19:42:00.000Z,2022-01-23T19:42:00.000Z,https://www.notion.so/Meditation-47e9757d3b7d4aa5b768023794ef8594,[],[]
Journalism,üì∞,2022-01-23T19:42:00.000Z,2022-01-23T19:42:00.000Z,https://www.notion.so/Journalism-37cd726e93f645259d67d2aca27066c9,[],[]
Flipped Class,,2022-01-23T19:42:00.000Z,2022-01-23T19:42:00.000Z,https://www.notion.so/Flipped-Class-ca6fed1b438b470c875059fd92bed4a0,[],[]
Crypto,üëõ,2022-01-23T19:42:00.000Z,2022-01-23T19:42:00.000Z,https://www.notion.so/Crypto-8b7f05b6a04d4a39b8e0a4f3c68ae950,[],[]
Fame,üí´,2022-01-23T19:42:00.000Z,2022-01-23T19:42:00.000Z,https://www.notion.so/Fame-6912c56afbf747f290568fca86a13e6f,[],[]
Drepression,üèöÔ∏è,2022-01-23T19:42:00.000Z,2022-01-23T19:42:00.000Z,https://www.notion.so/Drepression-c7886b3e06804efd863ec0d0deceadf8,[],[]
Product Management,üìê,2022-01-23T19:42:00.000Z,2022-01-23T19:42:00.000Z,https://www.notion.so/Product-Management-8c7bb63ea09d462fb5b9da6957ec091d,[],[]
USA,üá∫üá∏,2022-01-23T19:42:00.000Z,2022-01-23T19:42:00.000Z,https://www.notion.so/USA-5258509f6e864bf5ba79b4fc69a8de0d,[],[]
Love at Old Age,üéñÔ∏è,2022-01-23T19:42:00.000Z,2022-01-23T19:42:00.000Z,https://www.notion.so/Love-at-Old-Age-71c07c96a9394c7a95a665491422f4a7,[],[]
Neurology,üß†,2022-01-23T19:42:00.000Z,2022-01-23T19:42:00.000Z,https://www.notion.so/Neurology-4efffc4681814f9db53b76194b29352c,[],[]
Impostor Syndrome,ü§ê,2022-01-23T19:42:00.000Z,2022-01-23T19:42:00.000Z,https://www.notion.so/Impostor-Syndrome-d2ca9d741f974d4c8515dd734b3f22a8,[],[]
Content Marketing,,2022-01-23T19:42:00.000Z,2022-01-23T19:42:00.000Z,https://www.notion.so/Content-Marketing-3f61db01aa564201a7ef1272a30d6ac2,[],[]
Greece,,2022-01-23T19:42:00.000Z,2022-01-23T19:42:00.000Z,https://www.notion.so/Greece-d0d010f495db4b5b8038443e8b5be75e,[],[]
Liquid Modernity,üö∞,2022-01-23T19:42:00.000Z,2022-01-23T19:42:00.000Z,https://www.notion.so/Liquid-Modernity-21a6ae6a0a794acea1f6bbe429242a8f,[],[]
Ads,ü™ù,2022-01-23T19:42:00.000Z,2022-01-23T19:42:00.000Z,https://www.notion.so/Ads-ccea262963454857b38a9b1cf78efc0e,[],[]
Statistics,üìà,2022-01-23T19:42:00.000Z,2022-01-23T19:42:00.000Z,https://www.notion.so/Statistics-b49f3988285049a68d740345a788a0fa,[],[]
Architecture,üèØ,2022-01-23T19:42:00.000Z,2022-01-23T19:42:00.000Z,https://www.notion.so/Architecture-cc498df94d7d449e981b96444b0b231c,[],[]
OKRs,,2022-01-23T19:42:00.000Z,2022-01-23T19:42:00.000Z,https://www.notion.so/OKRs-155c9a1f65af4e1bb8629fc5c5158511,[],[]
Power,üî´,2022-01-23T19:42:00.000Z,2022-01-23T19:42:00.000Z,https://www.notion.so/Power-fee74437d31d4b4db838dd8985dd8f4f,[],[]
Life,üêú,2022-01-23T19:42:00.000Z,2022-01-23T19:42:00.000Z,https://www.notion.so/Life-eae87578f143450b8ca9dc011af58e4e,[],[]
Wars,üéñ,2022-01-23T19:42:00.000Z,2022-01-23T19:42:00.000Z,https://www.notion.so/Wars-d2f8335c04b843cb8edae644df2eee3a,[],[]
Evolution,üé£,2022-01-23T19:42:00.000Z,2022-01-23T19:42:00.000Z,https://www.notion.so/Evolution-d789a029d228469084d61d0dab0f7146,[],[]
Company Culture,üèõ,2022-01-03T08:33:00.000Z,2022-01-03T08:33:00.000Z,https://www.notion.so/Company-Culture-da4f80f60e9b455daa8c6f0e3447b416,['Subcategory'],['Medium']
Fashion,üëó,2022-01-03T08:33:00.000Z,2022-01-03T08:33:00.000Z,https://www.notion.so/Fashion-e8b0545895ed41ce90af32a9fb9cb79a,['Subcategory'],['Low']
Graphic Design,üé®,2022-01-03T08:33:00.000Z,2022-01-03T08:33:00.000Z,https://www.notion.so/Graphic-Design-56da750e569349e7abdc822629bc2242,['Subcategory'],['Low']
Macro Facts ,üåê,2022-01-03T08:33:00.000Z,2022-01-03T08:33:00.000Z,https://www.notion.so/Macro-Facts-8fe2d67bb2474340b1241ef4173d2ac6,['Category'],['Medium']
Innovation,üÜï,2022-01-03T08:33:00.000Z,2022-01-03T08:33:00.000Z,https://www.notion.so/Innovation-29f7e001daaa4d938ce844089ba5ad34,['Subcategory'],['Medium']
Photography,üì∏,2022-01-03T08:33:00.000Z,2022-01-03T08:33:00.000Z,https://www.notion.so/Photography-dcf40598de5a448f81b0f08f43cd7d6b,['Subcategory'],['Low']
Music Creation,üéº,2022-01-03T08:33:00.000Z,2022-01-03T08:33:00.000Z,https://www.notion.so/Music-Creation-1506e2b57a5b435e9e940db415df59b8,['Subcategory'],['High']
Religion,‚õ™,2022-01-03T08:33:00.000Z,2022-01-03T08:33:00.000Z,https://www.notion.so/Religion-ec621fd1c98b4bccb2fc1695db621c8f,['Subcategory'],['High']
Abstract Thinking,üí≠,2022-01-03T08:33:00.000Z,2022-01-03T08:33:00.000Z,https://www.notion.so/Abstract-Thinking-f1c1eb5e8df141639dc3c87807bc1ea5,['Category'],['Very High']
Loneliness,üåÄ,2022-01-03T08:33:00.000Z,2022-01-03T08:33:00.000Z,https://www.notion.so/Loneliness-1140e2ebcdcd4c7bb7999cc043ff41df,['Subcategory'],['Low']
Public Speaking,üé§,2022-01-03T08:33:00.000Z,2022-01-03T08:33:00.000Z,https://www.notion.so/Public-Speaking-467b5d5f916345daa519055e4c110659,['Subcategory'],['Medium']
Geography,‚úàÔ∏è,2022-01-03T08:33:00.000Z,2022-01-03T08:33:00.000Z,https://www.notion.so/Geography-681dfc0df13544aab1ac592a8df23a33,['Subcategory'],['Medium']
Humor,ü§°,2022-01-03T08:33:00.000Z,2022-01-03T08:33:00.000Z,https://www.notion.so/Humor-4054e4c0965d47b6af410c1478c587ed,['Subcategory'],['Low']
History,üè∞,2022-01-03T08:33:00.000Z,2022-01-03T08:33:00.000Z,https://www.notion.so/History-58a7c22c16ac4f148795d41ba7e5590b,['Subcategory'],['Medium']
SaaS,‚ôªÔ∏è,2022-01-03T08:33:00.000Z,2022-01-03T08:33:00.000Z,https://www.notion.so/SaaS-619f505a8abd44ef8f14b99f246b46f6,['Subcategory'],['Very High']
Company Finance,üíµ,2022-01-03T08:33:00.000Z,2022-01-03T08:33:00.000Z,https://www.notion.so/Company-Finance-d33531eb2d0a49fab8eb508dabc895d7,['Subcategory'],['High']
Marketing,üé†,2022-01-03T08:33:00.000Z,2022-01-03T08:33:00.000Z,https://www.notion.so/Marketing-570b1911c77a4a0db430d9a36ac30e2c,['Subcategory'],['Medium']
Self-Control,ü§≥,2022-01-03T08:33:00.000Z,2022-01-03T08:33:00.000Z,https://www.notion.so/Self-Control-12220d49a7954bf4bc44ac865c3b8de1,['Subcategory'],['Low']
Interior Design,üõãÔ∏è,2022-01-03T08:33:00.000Z,2022-01-03T08:33:00.000Z,https://www.notion.so/Interior-Design-97fbf0eb5d514a7cb02a277fa48bf9a6,['Subcategory'],['Low']
Nature,üêù,2022-01-03T08:33:00.000Z,2022-01-03T08:33:00.000Z,https://www.notion.so/Nature-f7adf3c1f49e438990c726f5d4674af7,['Subcategory'],['Medium']
Eating & Cooking,üçΩ,2022-01-03T08:33:00.000Z,2022-01-03T08:33:00.000Z,https://www.notion.so/Eating-Cooking-cf13a0f4e4e544b992c535df7ef944f2,['Subcategory'],['Medium']
Sleeping,üò¥,2022-01-03T08:33:00.000Z,2022-01-03T08:33:00.000Z,https://www.notion.so/Sleeping-1e0dc755de814c299c00e162862cdd5b,['Subcategory'],['Medium']
Company Building,üíº,2022-01-03T08:33:00.000Z,2022-01-03T08:33:00.000Z,https://www.notion.so/Company-Building-2b6da23d3c0147b9b3512cebf4d10956,['Subcategory'],['High']
Knowledge Sharing,üìñ,2022-01-03T08:33:00.000Z,2022-01-03T08:33:00.000Z,https://www.notion.so/Knowledge-Sharing-6d228bcda66d4920bd6de6775459eee6,['Subcategory'],['High']
Motion Graphics,üñºÔ∏è,2022-01-03T08:33:00.000Z,2022-01-03T08:33:00.000Z,https://www.notion.so/Motion-Graphics-185a1ecb32064519befb99cb49a80de3,['Subcategory'],['High']
Business,ü§ù,2022-01-03T08:33:00.000Z,2022-01-03T08:33:00.000Z,https://www.notion.so/Business-235ae34f6fbe4fd68fc2d1cef14387ac,['Category'],['Medium']
Exercise,üèÉ,2022-01-03T08:33:00.000Z,2022-01-03T08:33:00.000Z,https://www.notion.so/Exercise-a7a0f5a45d834a09bc9abe92a70128d4,['Subcategory'],['Medium']
Data Journalism,üì∞,2022-01-03T08:33:00.000Z,2022-01-03T08:33:00.000Z,https://www.notion.so/Data-Journalism-abc3dcdb81b04628bf6928692664dd3f,['Subcategory'],['Medium']
Mental Health,ü§Ø,2022-01-03T08:33:00.000Z,2022-01-03T08:33:00.000Z,https://www.notion.so/Mental-Health-5439202cb5a04b28b5290ac6b552c6d5,['Subcategory'],['High']
Meaningful Life,üå±,2022-01-03T08:33:00.000Z,2022-01-03T08:33:00.000Z,https://www.notion.so/Meaningful-Life-0862f5bec0fe45ac9908b74577d5baeb,"['Subcategory', 'Category']",['Low']
Filmmaking,üé¨,2022-01-03T08:33:00.000Z,2022-01-03T08:33:00.000Z,https://www.notion.so/Filmmaking-2ccae1fac89244dc81661819761d5f6b,['Subcategory'],['Medium']
Friendship,üë¨,2022-01-03T08:33:00.000Z,2022-01-03T08:33:00.000Z,https://www.notion.so/Friendship-34272b768d6e4254a932538af7965a10,['Subcategory'],['Low']
Politics & Law,‚öñ,2022-01-03T08:33:00.000Z,2022-01-03T08:33:00.000Z,https://www.notion.so/Politics-Law-3fb54243a1e74286be54d51b55c80d25,['Subcategory'],['Medium']
Product Design,üì±,2022-01-03T08:33:00.000Z,2022-01-03T08:33:00.000Z,https://www.notion.so/Product-Design-1d95f8cd5e2a4f21a7428ccdda27bf17,['Subcategory'],['Medium']
Environmental Issues,ü¶é,2022-01-03T08:33:00.000Z,2022-01-03T08:33:00.000Z,https://www.notion.so/Environmental-Issues-1dc81cf5029d4245b98e2fb7d4634fdf,['Subcategory'],['Medium']
Unconscious Behavioral,ü§î,2022-01-03T08:33:00.000Z,2022-01-03T08:33:00.000Z,https://www.notion.so/Unconscious-Behavioral-578fad8c3a614190a479d8e4f048d774,['Subcategory'],['Medium']
Health,üè•,2022-01-03T08:33:00.000Z,2022-01-03T08:33:00.000Z,https://www.notion.so/Health-b482b160334742c1b8a822bbe7d4a85c,['Subcategory'],['Medium']
Economics,üè¶,2022-01-03T08:33:00.000Z,2022-01-03T08:33:00.000Z,https://www.notion.so/Economics-1154083dda894f5ea760188f3c5ab141,['Subcategory'],['High']
Mental Models,üí°,2022-01-03T08:33:00.000Z,2022-01-03T08:33:00.000Z,https://www.notion.so/Mental-Models-8009fa7a073848d4b2cdad9f00345ed8,['Subcategory'],['High']
Design & Communication,üìØ,2022-01-03T08:33:00.000Z,2022-01-03T08:33:00.000Z,https://www.notion.so/Design-Communication-7f448f469645443daaff91ae45dec258,['Category'],['High']
Culture,ü§º,2022-01-03T08:33:00.000Z,2022-01-03T08:33:00.000Z,https://www.notion.so/Culture-a14fae52b75f43d497645a047340da86,['Category'],['High']
Venture Capital,üí∏,2022-01-03T08:33:00.000Z,2022-01-03T08:33:00.000Z,https://www.notion.so/Venture-Capital-cd6a17259dad43aea516a161f1c6923d,['Subcategory'],['Medium']
Love,üíë,2022-01-03T08:33:00.000Z,2022-01-03T08:33:00.000Z,https://www.notion.so/Love-e0bb44b0d8e143a894e0b454790d3b58,['Subcategory'],['Low']
Writing,‚úç,2022-01-03T08:33:00.000Z,2022-01-03T08:33:00.000Z,https://www.notion.so/Writing-7de3cbc34b344f88ab820643b2a75b68,['Subcategory'],['High']
Well Being,üíä,2022-01-03T08:33:00.000Z,2022-01-03T08:33:00.000Z,https://www.notion.so/Well-Being-1052baab252d462b94aab5dd42da17ac,['Category'],['Low']
Emotions,üò≤,2022-01-03T08:33:00.000Z,2022-01-03T08:33:00.000Z,https://www.notion.so/Emotions-92d02ca16dfb479287803c1e6e2f175c,['Subcategory'],['Medium']
Product Market Fit,ü•ê,2022-01-03T08:33:00.000Z,2022-01-03T08:33:00.000Z,https://www.notion.so/Product-Market-Fit-b5b7bbe53069422aa27f96832c630c92,['Subcategory'],['High']
Data Analytics,üìä,2022-01-03T08:33:00.000Z,2022-01-03T08:33:00.000Z,https://www.notion.so/Data-Analytics-0a0f36182d2e498d9539822a610a71a4,['Subcategory'],['Very High']
Learning,üéì,2022-01-03T08:33:00.000Z,2022-01-03T08:33:00.000Z,https://www.notion.so/Learning-bc06501b05074376b28e4e93684dcf60,['Subcategory'],['High']
Interviewing,üßê,2022-01-03T08:33:00.000Z,2022-01-03T08:33:00.000Z,https://www.notion.so/Interviewing-87de86b393a34130b2e333760366e2e7,['Subcategory'],['Medium']
Software Development,üíª,2022-01-03T08:33:00.000Z,2022-01-03T08:33:00.000Z,https://www.notion.so/Software-Development-b7a85b26bbf74688872b841b1466b3eb,['Subcategory'],['Very High']
Personal Finance ,üí∞,2022-01-03T08:33:00.000Z,2022-01-03T08:33:00.000Z,https://www.notion.so/Personal-Finance-bedaa2a84f5349e2bd2c6ef562ad0dd2,['Subcategory'],['High']
